subject,stimulus,response,goodness,reactionTime
experimentMFC_3,s5_t2_r2,ac,4,0.4964257999999972
experimentMFC_3,s9_t2_r2,ac,6,-0.348093699999481
experimentMFC_3,s4_t2_r2,ac,5,-0.3380190999996557
experimentMFC_3,s2_t2_r2,ac,6,-0.4404052999998384
experimentMFC_3,s3_t2_r2,ac,6,-0.4290030000001934
experimentMFC_3,s10_t2_r2,ac,6,-0.0806928000001789
experimentMFC_3,s1_t2_r2,ac,6,-0.4624241999999867
experimentMFC_3,s6_t2_r2,ac,6,-0.1235323999999309
experimentMFC_3,s8_t2_r2,ac,6,-0.416875799999616
experimentMFC_3,s7_t2_r2,ac,5,-0.2760195999999268
experimentMFC_3,s3_t2_r2,ac,6,-0.4277166000001671
experimentMFC_3,s2_t2_r2,ac,5,-0.3449524999996356
experimentMFC_3,s6_t2_r2,ac,6,-0.2873587000003681
experimentMFC_3,s10_t2_r2,ac,6,-0.4298684999994293
experimentMFC_3,s7_t2_r2,ac,5,-0.2864775999996709
experimentMFC_3,s4_t2_r2,ac,5,-0.3319832000006499
experimentMFC_3,s5_t2_r2,ac,5,0.0271973999997499
experimentMFC_3,s1_t2_r2,ac,6,-0.3877012000002651
experimentMFC_3,s8_t2_r2,ac,6,0.1152130999998917
experimentMFC_3,s9_t2_r2,ac,6,-0.4150546999999278
experimentMFC_3,s4_t2_r2,ac,5,-0.4852069999997184
experimentMFC_3,s7_t2_r2,ac,6,-0.4146872000001167
experimentMFC_3,s2_t2_r2,ac,6,-0.1431922000001577
experimentMFC_3,s1_t2_r2,ac,6,-0.3326956999999311
experimentMFC_3,s3_t2_r2,ac,6,-0.3645526000000245
experimentMFC_3,s6_t2_r2,ac,6,0.1244663999996191
experimentMFC_3,s8_t2_r2,ac,6,-0.0054896999999982
experimentMFC_3,s9_t2_r2,ac,6,-0.1520376999997097
experimentMFC_3,s5_t2_r2,ac,5,-0.0566048000000591
experimentMFC_3,s10_t2_r2,ac,6,0.0337985000005574
